employee_code,first_name,middle_initial,last_name,faculty_type,max_teaching_load,is_active
LEGACY-F-0,FRANCIS LOUIE,B,ALOLOR,PART_TIME,12,true
LEGACY-F-1,GENE,P,ABELLO,PART_TIME,12,true
LEGACY-F-2,ARTHUR JAMES,L,ALIAZON,PART_TIME,12,true
LEGACY-F-3,RODERICK,A,BANDALAN,FULL_TIME,24,true
LEGACY-F-4,VIOLDAN,E,BAYOCOT,FULL_TIME,24,true
LEGACY-F-5,JOVELYN,C,CUIZON,FULL_TIME,24,true
LEGACY-F-6,AHDZLEEBEE,L,FORMENTERA,PART_TIME,12,true
LEGACY-F-7,TEMOTHY,C,HOMECILLO,FULL_TIME,24,true
LEGACY-F-8,JOHN LEEROY,A,GADIANE,FULL_TIME,24,true
LEGACY-F-9,JEOFFREY,C,GUDIO,PART_TIME,12,true
LEGACY-F-10,ERIC,V,MAGTO,PART_TIME,12,true
LEGACY-F-11,MA. LORNA,D,MIRO,PART_TIME,12,true
LEGACY-F-12,VICENTE III,F,PATALITA,FULL_TIME,24,true
LEGACY-F-13,JOSEPHINE,E,PETRALBA,FULL_TIME,24,true
LEGACY-F-14,KHIARA DANIELLE,T,RUBIA,FULL_TIME,24,true
LEGACY-F-15,NINO ANTHONY,L,SOLDEVILLA,PART_TIME,12,true
LEGACY-F-16,ALYSSA JOYCE,R,TAN,FULL_TIME,24,true
LEGACY-F-17,CARMEL,M,TEJANA,FULL_TIME,24,true
