alias,subject_code
EP1,EP 1
REED1,REED 1
PATHFIT1,PATHFIT 1
PE 1,PATHFIT 1
PE1,PATHFIT 1
NSTP1,NSTP 1
DISCRETE1,DISCRETE 1
PROG2,PROG 2
REED2,REED 2
NSTP2,NSTP 2
ACCTGA,ACCTG A
REED3,REED 3
PE3,PE 3
NET1,NET 1
REED4,REED 4
PE4,PE 4
HCI,EMC CORE 6
NET2,NET 2
IAS1,IAS 1
IAS2,IAS 2
CAPSTONE1,CAPSTONE 1
CAPSTONE2,CAPSTONE 2
APPSDEV2,APPSDEV 2
EP2,EP 2
PATHFIT3,PATHFIT 3
EMC CORE 1,DRAW
EMC CORE 3,2D ANIM
GMATH,EMC SP 1
SCRIPT,EMC CORE 8
EMC CORE 7,DSOUND
GDD 1,EMC CORE 2
EMC CORE 4,3D ANIM
GPHYSICS,EMC SP 2
GPROG 2,EMC SP 3
GPROG 3,EMC SP 5
EMC CORE 5,CS ELEC 2
GRAPHPROG,CS ELEC 2
GAMEAI,EMC SP 4
GPROD,EMC SP 9
SPEC 3,SOFTENG
