program_code,subject_code,source_prerequisite_text,status
BSGD,2D ANIM,DRAW,MANUAL_REVIEW
BSGD,DISCRETE,GE MMW,MANUAL_REVIEW
BSGD,GMATH,CMP,MANUAL_REVIEW
BSGD,PROG 2,PROG 1,MANUAL_REVIEW
BSGD,SCRIPT,DRAW,MANUAL_REVIEW
BSGD,REED 2,ReEd 1,MANUAL_REVIEW
BSGD,PATHFIT 2,PATHFIT 1,MANUAL_REVIEW
BSGD,NSTP 2,NSTP 1,MANUAL_REVIEW
BSGD,GUIDANCE 2,GUIDANCE 1,MANUAL_REVIEW
BSGD,3DUVMT,2D ANIM,MANUAL_REVIEW
BSGD,DATASTRUCT,PROG 2,MANUAL_REVIEW
BSGD,DSOUND,2D ANIM,MANUAL_REVIEW
BSGD,GDD 1,SCRIPT,MANUAL_REVIEW
BSGD,IM 1,PROG 2,MANUAL_REVIEW
BSGD,EP 2,EP 1,MANUAL_REVIEW
BSGD,REED 3,ReEd 2,MANUAL_REVIEW
BSGD,PATHFIT 3,PATHFIT 2,MANUAL_REVIEW
BSGD,3D ANIM,3DUVMT,MANUAL_REVIEW
BSGD,GDD 2,3DUVMT,MANUAL_REVIEW
BSGD,GPHYSICS,GMATH,MANUAL_REVIEW
BSGD,GPROG 1,DATASTRUCT,MANUAL_REVIEW
BSGD,OOP,DATASTRUCT,MANUAL_REVIEW
BSGD,GE PC,EP 2,MANUAL_REVIEW
BSGD,REED 4,ReEd 3,MANUAL_REVIEW
BSGD,PATHFIT 4,PATHFIT 3,MANUAL_REVIEW
BSGD,GPROG 2,"GPROG 1, OOP",MANUAL_REVIEW
BSGD,APPSDEV 1,OOP,MANUAL_REVIEW
BSGD,GDD 3,"GDD 2, DSOUND",MANUAL_REVIEW
BSGD,GPROG 3,GPROG 2,MANUAL_REVIEW
BSGD,GRAPHPROG,3DUVMT,MANUAL_REVIEW
BSGD,RESEARCH,OOP,MANUAL_REVIEW
BSGD,CAPSTONE 1,"RESEARCH, GPROG 3",MANUAL_REVIEW
BSGD,FREE ELEC 1,3rd Year Standing,MANUAL_REVIEW
BSGD,GAMEAI,GPROG 3,MANUAL_REVIEW
BSGD,GPROD,GDD 3,MANUAL_REVIEW
BSGD,MRGAME,GPROG 2,MANUAL_REVIEW
BSGD,NET 1,CMP,MANUAL_REVIEW
BSGD,SOFTENG 1,RESEARCH,MANUAL_REVIEW
BSGD,MULTIGAME,GPROG 3,MANUAL_REVIEW
BSGD,OS,NET 1,MANUAL_REVIEW
BSGD,CAPSTONE 2,CAPSTONE 1,MANUAL_REVIEW
BSGD,ITREVIEW,4th Year Standing,MANUAL_REVIEW
BSGD,TECHNO,4th Year Standing,MANUAL_REVIEW
BSGD,FREE ELEC 2,4th Year Standing,MANUAL_REVIEW
BSGD,PRAC,Complete Academic Requirements,MANUAL_REVIEW
BSGD,SEMTOUR,Complete Academic Requirements,MANUAL_REVIEW
BSIT,DIGITAL,I-COMP,MANUAL_REVIEW
BSIT,DISCRETE1,GE MMW,MANUAL_REVIEW
BSIT,PROG2,PROG 1,MANUAL_REVIEW
BSIT,REED2,ReEd1,MANUAL_REVIEW
BSIT,PATHFIT2,PATHFIT1,MANUAL_REVIEW
BSIT,NSTP2,NSTP1,MANUAL_REVIEW
BSIT,GUIDANCE2,GUIDANCE1,MANUAL_REVIEW
BSIT,DATASTRUCT,PROG2,MANUAL_REVIEW
BSIT,IM 1,PROG2,MANUAL_REVIEW
BSIT,NET1,DIGITAL,MANUAL_REVIEW
BSIT,PT,DIGITAL,MANUAL_REVIEW
BSIT,EP2,EP1,MANUAL_REVIEW
BSIT,REED3,ReEd2,MANUAL_REVIEW
BSIT,PATHFIT3,PATHFIT2,MANUAL_REVIEW
BSIT,IM 2,IM 1,MANUAL_REVIEW
BSIT,NET2,NET1,MANUAL_REVIEW
BSIT,OOP,DATASTRUCT,MANUAL_REVIEW
BSIT,PROFELEC1,DATASTRUCT,MANUAL_REVIEW
BSIT,SPELEC1,DATASTRUCT,MANUAL_REVIEW
BSIT,GE PC,EP2,MANUAL_REVIEW
BSIT,REED4,ReEd3,MANUAL_REVIEW
BSIT,PATHFIT4,PATHFIT3,MANUAL_REVIEW
BSIT,SP,I-COMP,MANUAL_REVIEW
BSIT,STATCOM,QM,MANUAL_REVIEW
BSIT,APPSDEV 1,"OOP, IM 1",MANUAL_REVIEW
BSIT,IAS1,NET2,MANUAL_REVIEW
BSIT,IM 3,IM 2,MANUAL_REVIEW
BSIT,RESEARCH,"OOP, STATCOM",MANUAL_REVIEW
BSIT,PROFELEC2,3rd Year Standing,MANUAL_REVIEW
BSIT,SPELEC2,SPELEC1,MANUAL_REVIEW
BSIT,CAPSTONE1,"SPELEC2, RESEARCH",MANUAL_REVIEW
BSIT,IPT,"APPSDEV 1, NET2",MANUAL_REVIEW
BSIT,SA,"PT, NET2",MANUAL_REVIEW
BSIT,SOFTENG 1,RESEARCH,MANUAL_REVIEW
BSIT,FREEELEC1,3rd Year Standing,MANUAL_REVIEW
BSIT,PROFELEC3,3rd Year Standing,MANUAL_REVIEW
BSIT,SPELEC3,SPELEC2,MANUAL_REVIEW
BSIT,IAS2,IAS1,MANUAL_REVIEW
BSIT,OS,PT,MANUAL_REVIEW
BSIT,SIA,SOFTENG 1,MANUAL_REVIEW
BSIT,CAPSTONE2,CAPSTONE1,MANUAL_REVIEW
BSIT,ITREVIEW,4th Year Standing,MANUAL_REVIEW
BSIT,FREEELEC2,4th Year Standing,MANUAL_REVIEW
BSIT,TECHNO,4th Year Standing,MANUAL_REVIEW
BSIT,PRAC,Complete Academic Requirements,MANUAL_REVIEW
BSIT,SEMTOUR,Complete Academic Requirements,MANUAL_REVIEW
BSCS,ADV CMP,CMP,MANUAL_REVIEW
BSCS,DIGITAL,I-COMP,MANUAL_REVIEW
BSCS,DISCRETE 1,GE MMW,MANUAL_REVIEW
BSCS,PROG 2,PROG 1,MANUAL_REVIEW
BSCS,QM,CMP,MANUAL_REVIEW
BSCS,REED 2,ReEd 1,MANUAL_REVIEW
BSCS,PATHFIT 2,PATHFIT 1,MANUAL_REVIEW
BSCS,NSTP 2,NSTP 1,MANUAL_REVIEW
BSCS,GUIDANCE 2,GUIDANCE 1,MANUAL_REVIEW
BSCS,COMP-ORG 1,DIGITAL,MANUAL_REVIEW
BSCS,DATASTRUCT,PROG 2,MANUAL_REVIEW
BSCS,DISCRETE 2,DISCRETE 1,MANUAL_REVIEW
BSCS,IM 1,PROG 2,MANUAL_REVIEW
BSCS,EP 2,EP 1,MANUAL_REVIEW
BSCS,REED 3,ReEd 2,MANUAL_REVIEW
BSCS,PATHFIT 3,PATHFIT 2,MANUAL_REVIEW
BSCS,ALGO,DATASTRUCT,MANUAL_REVIEW
BSCS,INTSYS,DATASTRUCT,MANUAL_REVIEW
BSCS,NET 1,DIGITAL,MANUAL_REVIEW
BSCS,OOP,DATASTRUCT,MANUAL_REVIEW
BSCS,PROF ELEC 1,DATASTRUCT,MANUAL_REVIEW
BSCS,GE PC,EP 2,MANUAL_REVIEW
BSCS,REED 4,ReEd 3,MANUAL_REVIEW
BSCS,PATHFIT 4,PATHFIT 3,MANUAL_REVIEW
BSCS,STATCOM,QM,MANUAL_REVIEW
BSCS,APPSDEV 1,"OOP, IM 1",MANUAL_REVIEW
BSCS,COMPVIS,INTSYS,MANUAL_REVIEW
BSCS,IAS 1,NET 1,MANUAL_REVIEW
BSCS,NLP,INTSYS,MANUAL_REVIEW
BSCS,PROF ELEC 2,3rd Year Standing,MANUAL_REVIEW
BSCS,RESEARCH,"OOP, STATCOM",MANUAL_REVIEW
BSCS,AUTOMATA,Discrete 2,MANUAL_REVIEW
BSCS,FREE ELEC 1,3rd Year Standing,MANUAL_REVIEW
BSCS,IPT,APPSDEV 1,MANUAL_REVIEW
BSCS,ML,NLP,MANUAL_REVIEW
BSCS,PROF ELEC 3,3rd Year Standing,MANUAL_REVIEW
BSCS,SOFTENG 1,RESEARCH,MANUAL_REVIEW
BSCS,THESIS 1,"NLP, RESEARCH",MANUAL_REVIEW
BSCS,SOFTENG 2,SOFTENG 1,MANUAL_REVIEW
BSCS,OS,COMP-ORG 1,MANUAL_REVIEW
BSCS,PL,Automata,MANUAL_REVIEW
BSCS,TECHNO,2nd Year Standing,MANUAL_REVIEW
BSCS,THESIS 2,THESIS 1,MANUAL_REVIEW
BSCS,ITREVIEW,4th Year Standing,MANUAL_REVIEW
BSCS,FREE ELEC 2,4th Year Standing,MANUAL_REVIEW
BSCS,PRAC,Complete Academic Requirements,MANUAL_REVIEW
BSCS,SEMTOUR,Complete Academic Requirements,MANUAL_REVIEW
BSEMC,EMC CORE 2,EMC CORE 1,MANUAL_REVIEW
BSEMC,PROG2,PROG 1,MANUAL_REVIEW
BSEMC,DVA,EMC CORE 1,MANUAL_REVIEW
BSEMC,DISCRETE 1,GE MMW,MANUAL_REVIEW
BSEMC,REED 2,REED 1,MANUAL_REVIEW
BSEMC,PE 2,PE 1,MANUAL_REVIEW
BSEMC,NSTP 2,NSTP 1,MANUAL_REVIEW
BSEMC,GUIDANCE 2,GUIDANCE 1,MANUAL_REVIEW
BSEMC,DATASTRUCT,PROG2,MANUAL_REVIEW
BSEMC,EMC CORE 3,EMC CORE 2,MANUAL_REVIEW
BSEMC,EMC CORE 4,EMC CORE 2,MANUAL_REVIEW
BSEMC,EMC SP 1,CMP,MANUAL_REVIEW
BSEMC,GE PC,EP 1,MANUAL_REVIEW
BSEMC,REED 3,REED 2,MANUAL_REVIEW
BSEMC,PE 3,PE 2,MANUAL_REVIEW
BSEMC,OOP,DATASTRUCT,MANUAL_REVIEW
BSEMC,IM 1,DATASTRUCT,MANUAL_REVIEW
BSEMC,EMC CORE 5,DATASTRUCT,MANUAL_REVIEW
BSEMC,REED 4,REED 3,MANUAL_REVIEW
BSEMC,PE 4,PE 3,MANUAL_REVIEW
BSEMC,EMC CORE 6,PROG 2,MANUAL_REVIEW
BSEMC,EMC CORE 7,EMC CORE 2,MANUAL_REVIEW
BSEMC,EMC CORE 8,EMC CORE 2,MANUAL_REVIEW
BSEMC,APPSDEV 1,OOP,MANUAL_REVIEW
BSEMC,NET 1,DIGITAL,MANUAL_REVIEW
BSEMC,EMC CORE 9,EMC CORE 8,MANUAL_REVIEW
BSEMC,EMC SP 3,EMC CORE 3,MANUAL_REVIEW
BSEMC,OS,DATASTRUCT,MANUAL_REVIEW
BSEMC,EMC SP 5,EMC CORE 4,MANUAL_REVIEW
BSEMC,EMC SP 6,EMC CORE 9,MANUAL_REVIEW
BSEMC,EMC SP 7,NET 1,MANUAL_REVIEW
BSEMC,EMC SP 8,EMC CORE 9,MANUAL_REVIEW
BSEMC,PROF ELEC 1,3rd Year Standing,MANUAL_REVIEW
BSEMC,CAPSTONE 1,"EMC SP 2, RESEARCH",MANUAL_REVIEW
BSEMC,TECHNO,3rd Year Standing,MANUAL_REVIEW
BSEMC,SP,3rd Year Standing,MANUAL_REVIEW
BSEMC,EMC SP 9,EMC SP 8,MANUAL_REVIEW
BSEMC,CAPSTONE 2,CAPSTONE 1,MANUAL_REVIEW
BSEMC,ITREVIEW,4th Year Standing,MANUAL_REVIEW
BSEMC,PROF ELEC 2,4th Year Standing,MANUAL_REVIEW
BSEMC,PROF ELEC 3,4th Year Standing,MANUAL_REVIEW
BSEMC,SEMTOUR,4th Year Standing,MANUAL_REVIEW
BSEMC,PRAC,Complete Academic Requirements,MANUAL_REVIEW
ACT,PROG 2,PROG 1,MANUAL_REVIEW
ACT,SPEC 2,SPEC 1,MANUAL_REVIEW
ACT,SP,I-COMP,MANUAL_REVIEW
ACT,GE PC,EP 1,MANUAL_REVIEW
ACT,REED 2,REED 1,MANUAL_REVIEW
ACT,PATHFIT 2,PATHFIT 1,MANUAL_REVIEW
ACT,NSTP 2,NSTP 1,MANUAL_REVIEW
ACT,GUIDANCE 2,GUIDANCE 1,MANUAL_REVIEW
ACT,DATASTRUCT,PROG 2,MANUAL_REVIEW
ACT,IM 1,PROG 2,MANUAL_REVIEW
ACT,SPEC 3,SPEC 2,MANUAL_REVIEW
ACT,SPEC 4,SPEC 2,MANUAL_REVIEW
ACT,REED 3,REED 2,MANUAL_REVIEW
ACT,PATHFIT 3,PATHFIT 2,MANUAL_REVIEW
ACT,APPSDEV,"IM 1, DATASTRUCT",MANUAL_REVIEW
ACT,OOP,DATASTRUCT,MANUAL_REVIEW
ACT,SPEC 5,SPEC 4,MANUAL_REVIEW
ACT,SPEC 6,SPEC 4,MANUAL_REVIEW
ACT,REED 4,REED 3,MANUAL_REVIEW
ACT,PATHFIT 4,PATHFIT 3,MANUAL_REVIEW
ACT,PRAC,Complete Academic Requirements,MANUAL_REVIEW
BSIS,IS,I-COMP,MANUAL_REVIEW
BSIS,PROG2,PROG 1,MANUAL_REVIEW
BSIS,EFCOM,EP1,MANUAL_REVIEW
BSIS,REED2,ReEd1,MANUAL_REVIEW
BSIS,PE2,PE1,MANUAL_REVIEW
BSIS,NSTP2,NSTP1,MANUAL_REVIEW
BSIS,GUIDANCE2,GUIDANCE1,MANUAL_REVIEW
BSIS,DATASTRUCT,PROG2,MANUAL_REVIEW
BSIS,PT,PROG2,MANUAL_REVIEW
BSIS,DM1,IS,MANUAL_REVIEW
BSIS,GE PC,EP1,MANUAL_REVIEW
BSIS,REED3,ReEd2,MANUAL_REVIEW
BSIS,PE3,PE2,MANUAL_REVIEW
BSIS,DM2,DM1,MANUAL_REVIEW
BSIS,QM,CMP,MANUAL_REVIEW
BSIS,IM 1,PROG2,MANUAL_REVIEW
BSIS,NET1,PT,MANUAL_REVIEW
BSIS,REED4,ReEd3,MANUAL_REVIEW
BSIS,PE4,PE3,MANUAL_REVIEW
BSIS,ISELEC1,"QM, IM 1",MANUAL_REVIEW
BSIS,HCI,PROG2,MANUAL_REVIEW
BSIS,EA,"DM2, NET1",MANUAL_REVIEW
BSIS,DM3,DM2,MANUAL_REVIEW
BSIS,SAD,"DATASTRUCT, IM 1",MANUAL_REVIEW
BSIS,ISELEC2,"EA, ISELEC1",MANUAL_REVIEW
BSIS,APPSDEV1,DATASTRUCT,MANUAL_REVIEW
BSIS,RESEARCH,"DATASTRUCT, ISELEC1",MANUAL_REVIEW
BSIS,ERP,EA,MANUAL_REVIEW
BSIS,TECHNO,3rd Year Standing,MANUAL_REVIEW
BSIS,DM4,DM3,MANUAL_REVIEW
BSIS,PROJMGT1,SAD,MANUAL_REVIEW
BSIS,ISELEC3,ISELEC2,MANUAL_REVIEW
BSIS,APPSDEV2,APPSDEV1,MANUAL_REVIEW
BSIS,CAPSTONE1,"ISELEC2, RESEARCH",MANUAL_REVIEW
BSIS,SP,3rd Year Standing,MANUAL_REVIEW
BSIS,ISELEC4,ISELEC3,MANUAL_REVIEW
BSIS,ITREVIEW,4th Year Standing,MANUAL_REVIEW
BSIS,IAS,NET1,MANUAL_REVIEW
BSIS,SA,NET1,MANUAL_REVIEW
BSIS,PROJMGT2,PROJMGT1,MANUAL_REVIEW
BSIS,CAPSTONE2,CAPSTONE1,MANUAL_REVIEW
BSIS,STRATMGT,4th Year Standing,MANUAL_REVIEW
BSIS,PRAC,Complete Academic Requirements,MANUAL_REVIEW
BSIS,SEMTOUR,Complete Academic Requirements,MANUAL_REVIEW
